sentence	score
Orderliness unfolds into new truth	1
From an earlier tweet‚Ä¶ ‚Äú To be scientifically literate is to empower yourself‚Ä¶ . ‚Äù Weekly image & link to a T-shirt . Conceived & designed by fans . Approved by me . After fees to the artist , proceeds go to educational organizations .	0
Perception fears the flow of truth	1
Santa knows Physics :	0
"Bell wrote : "" African Americans must confront and conquer the otherwise deadening reality of our permanent subordinate status . Only in this way can we prevent ourselves from being dragged down by society‚Äôs racial hostility . """	0
As you drive anywhere , make each time you stop a cue for you to say ‚Äòthank you . ‚Äô	0
Evolution is inextricably connected to total acceptance of mortality	1
Orderliness relies on irrational success	1
The secret of the universe meditates on a symbolic representation of boundaries	1
Your job is an inside one . To change your world , all you have to do is change the way you feel inside . Change the way you feel now !	1
The key to joy expresses quantum phenomena	1
Whatever it is that is now presenting itself as part of your creation , own it , claim it , bless it , be thankful for it .	1
1500 omicron cases in a week at Cornell . Over 8% of the student body (despite 97% vaccination rate , and indoor masking) is now infected . I feel awful for my students . And the county is now one of the worst hotspots in the country .	0
Reincarnation is Now	1
Greatness opens irrational external reality	1
Freedom is the ground of humble brightness	1
Join me for a metahuman meditation this Saturday 5PM ET with the MetaSeva team metahuman in the Metaverse sevalove	0
Is it too much to hope that El will come out as a lesbian and Pen will get the love she deserves (yes , even as a small fat woman) on the next season of Bridgerton ? Yes but girl can dream	0
"There is no "" death . "" Life goes on forever & ever . Life Is . You simply change form ."	0
You are the one who lines things up for you , so dwell on what you want .	0
Orderliness influences great reality	1
In the western skies of this November eve , all around World , the thinnest of crescent moons graces early twilight , where Venus & Jupiter have been for days . But now Saturn‚Äôs there too , closest of the three to the Moon , for what Astro-folk call a quadruple conjunction .	0
Kittens are sterile	0
For those who are tempted to assume there must be some tragedy or trauma in the shooter's own background , just remember : it is overwhelmingly boys and men who commit these crimes , not girls and women and non-binary people . The common thread is a potent sense of male entitlement .	0
Remember to keep checking how you are feeling during the day . Check the feeling in your body , too , & make sure your body is relaxed .	0
Awareness illuminates a jumble of genes	1
"Repeat these "" I Am "" affirmations to help shift your mindset and create positive change in your life"	0
Remember first that everything you think , say & do is a reflection of what you've decided about yourself .	0
True identity is the foundation of visible marvel	1
FYI : An average comet contains as much water as has ever been consumed by all humans who have ever lived . FYI : A garden-variety metallic asteroid contains vastly more gold than has ever been mined in the history of the world .	0
Existence co-creates sub empirical images	1
Harnessing your thoughts , exercising control , is not as difficult as it might seem . It is all a matter of discipline . It is a question of intent .	1
Dear Friends I do hope you can join me for this important event by Resurgence_mag	0
Peek at the Math ? Not quite Tribbles , but with unlimited access to food and no predators , rabbits can increase their population by as much as 30% per month ‚Äî a factor of 1 . 3 . Raise that 1 . 3 to the power of how many months you want to project forward .	0
You must look for good in people to have more of it appear . As you look for the good , you will be amazed what your new focus reveals .	0
Remember that every act is an act of self-definition . Every thought carries the energy of creation .	0
Decide what you want - before a meeting , before a phone call , before your day starts , before you do anything . Decide !	0
Emotional intelligence is the continuity of intrinsic brightness	1
Prosperity is your birth right . You hold the key to more abundance in every area of your life than you can possibly imagine .	1
Perception influences an abundance of balance	1
You do not have to create what you want - it already exists . That is why the moment you ask and believe , it truly is given to you .	1
The future is the path to great molecules	1
True faith constructs existential marvel	1
Of course younger people are more concerned than older people about Climate Change . In decades to come , they‚Äôre the ones who must live in the World that the rest of us have borrowed from them .	0
True identity is the wisdom of intrinsic observations	1
The secret of the universe reflects an abundance of boundaries	1
Fantastic conversation !	1
But wishing it were otherwise doesn't change the facts . No matter how much I (extensively ! ) went low carb , did intermittent fasting , or tried this once weird trick , for years of my life , I will never have a socially ideal body . Only starvation will begin to push me (a bit) closer	0
Awareness is mirrored in the flow of images	1
Your consciousness comprehends total acceptance of mysteries	1
The invisible imparts reality to the door of space time events	1
Prosperity is your birthright , and you hold the key to more abundance . That key is in your thoughts and feelings .	1
Each of us grows through a jumble of chaos	1
Since the Northern Arctic is just ocean , Santa‚Äôs North Pole workshop has only ever existed on a floating sheet of ice .	0
Each day , make sure to do something that is your idea of bliss .	1
"My new single "" Confront Workout "" featuring Sonna Rele drops today"	0
Greatness exists as precious energy	1
I have become very philosophical about life itself . I tell myself that all things happen for the highest good , and I believe it .	0
True faith is the foundation of pure force fields	1
There is nothing that you need to be perfectly happy . You only think there is . The most perfect happiness will be found within .	0
The mind is a reflection of essential happiness	1
There is always something better on its way to you .	0
Quantum physics requires the doorway to success	1
Quantum physics is rooted in exponential marvel	1
Good health transforms the flow of space time events	1
Focus on the outcome , and let the Universe do its thing .	0
Your desire is an ingredient of the mechanics of choices	1
Why Magical Lies help us survive as biological organisms	1
The ego results from descriptions of sexual energy	1
The future fascinates boundless force fields	1
" Beingness  is a state in which you place yourself , it is not a response . "" Feeling "" is a response , but "" being "" is not ."	1
Do some critical thinking , and not just memorizing what others want you to think .	0
How much do you (want to) know about Earth‚Äôs magnetic field ?	0
You are connected to infinite wisdom , love , and power .	0
The universe is at the heart of intricate creativity	1
The world is entangled in karmic facts	1
Your consciousness is a reflection of universal knowledge	1
Non-judgment is the ground of spiritual phenomena	1
The key to joy compliments cosmic actions	1
When you give your children wisdom , you do not tell them what to know , but rather , how to get to their own truth .	0
I've lived enough to know that the things I hoped would stay the same couldn't stay the same , because Change is the Process of Life Itself .	0
Grateful to NBCNews for sharing tools on how to build a regular wellness routine to deal with the mental stresses of the winter months	0
Imagination results from reckless happiness	1
Start cultivating abundance in your own life today with the help of my Abundance journal pages	0
In very important ways mind and body are being connected as never before	0
Your movement constructs intricate space time events	1
The only thing worse than reviving old slides for a lecture is not having any old slides to revive .	0
Beyond the dream is the dreamer and beyond the dreamer , the body of bliss	1
When you say ‚Äú I am , ‚Äù the words that follow are creating with a mighty force , because you are declaring it to be fact .	0
He orders her and her staffer into another building . No escort , no specific location . And , as she points out , she's in a long line of people who can't count on the police .	0
Culture embraces the door of sensations	1
Your job is an inside one . To change your world , all you have to do is change the way you feel inside . How easy is that ?	1
Begin your day with gratitude . Be grateful for the weather , the sun , the sky , the birds and bees , the trees , the flowers , and even the rain .	0
The more you practice gratitude the more deeply you will feel it in your heart . And the depth of feeling is the KEY .	0
Remember that you are a magnet . Appreciation attracts appreciation .	1
Bless everything .	0
Think about what you would do if you had your desire & take creative actions that make it clear you are receiving NOW .	0
Full Moon tonight .	0
Life is following YOU . . . Your destiny is in Your hands .	0
Lunar eclipses occur on average every two or three years and are visible to all the billions of people who can see the Moon when it happens . So , contrary to what you may have been told , lunar eclipses are not rare .	0
Naive Realism and how Science hides the Deeper Truth	1
The unpredictable is the ground of reckless joy	1
From the Dad-Joke Vault‚Ä¶ Q : What do you call embryotic Space Aliens ? A : Eggstra-terrestrials .	0
A formless void grows through the doorway to experiences	1
Every day is an opportunity for a new life .	1
Why does ice float ? There‚Äôs more going on there than you might expect .	0
"Another thing worth noting about diet culture is the rote repetition of certain phrases and injunctions-- "" just cut carbs , "" "" try intermittent fasting , "" "" nothing is as good as thin feels , "" etc . --that have no thought whatsoever behind them . A hallmark of gaslighting and being gaslit"	0
What you deny you declare . What you declare you create . Begin with admitting & accepting what is .	0
The popular StarTalk book also has a Young Readers Edition . As fun and educational as the original , but with all the stuff removed that would otherwise prevent a PG-13 rating .	0
Orderliness is inherent in subjective timelessness	1
Matter is the foundation of boundless bliss	1
Emotional intelligence co-creates an expression of positivity	1
Good health is the womb of potential happiness	1
We are fractals of the Goddess of Time	1
Oct 20 , 2021 ‚Äî Full Moon today . Nothing special ‚Äî Earth gets 12 or 13 of them per year .	0
Experiential truth requires total force fields	1
Our image of evil Space Aliens derives not from imagined knowledge of how we think they will behave , but from actual knowledge of how we treat one another .	0
"All you see in your world is the outcome of your idea about it . Cynicism , defensiveness and fear have kept many from their "" highest thoughts . """	0
All of your power to create or change anything is right now .	1
Find a form of service . It doesn't matter what it is . Be with people . Do stuff . Be of service .	0
Following your own spiritual path amounts to a mass movement that grows one person at a time	0
Apart from anything (everything) else , this device betrays an assumption that fat people simply can't be trusted to follow a liquid diet if they decide to (for whatever reason) . It needs to be *enforced* .	0
The soul nurtures existential human observation	1
The ego meditates on positive actions	1
I know all the tricks . They work , until they don't . Bodies are a diverse lot . Maybe it's better this way . Maybe it's even beautiful .	0
Our opportunity here is to jointly author a brand new story about who we are and how it is with us . And most important , how it‚Äôs going to be .	1
Self power inspires exponential choices	1
No matter how many mistakes you make , no matter what YOU think of you , the Universe loves you for all eternity .	0
Awareness is inextricably connected to exponential truth	1
The world comprehends cosmic reality	1
The life purpose for each of us is to overcome negativity by choosing love .	1
Fundamental reality is rooted in immortal timelessness	1
Freedom unfolds through personal balance	1
In most people‚Äôs minds , abundance and lack are opposites‚Äîit is obvious which countries are rich and poor	1
If you want to attract more money , make lists of the things you will buy with the money . Always feel the feelings of having those things now .	0
Imagination compliments essential bliss	1
Sun tables for today show slightly more than 12 hours of daylight .	0
You are , truly , your brother's keeper . When you understand this , all the misery , sorrow , and pain of the human existence will disappear .	0
First thing in the morning or as early in the day as you can , Count Your Blessings . It‚Äôs the quickest way to change your life !	0
Your world is your greatest gift , a wonder for you to behold , a treasure for you to enjoy .	0
Thanks everyone . I have a million examples of this already , just wondering about people who explicitly theorize this as objectification .	0
Feel gratitude for your life .	0
Say thank you , thank you , thank you .	0
Pi to 32 decimal places . 3 . 14159265358979323846264338327950	0
As you focus your mind on anything , you are creating .	0
Every time you get into a car , remember to take a few seconds and see yourself arriving at your destination happy and well .	0
The secret of the universe quiets the light of sexual energy	1
Listen to your heart . It is not that difficult . Just be quiet with yourself .	0
Love has no requirements . That's what makes it love .	0
We can appear to have come apart , but we have all simply become a part . Our intrinsic Unity is experienced once again when we re-member .	0
If pundits tells you something is true , and you don‚Äôt have the critical thinking skills to evaluate their statements , then you are putty in their hands , as they shape your world view to their will .	0
Affirmations work only when they are statements of something you already know to be true .	1
The future depends on infinite destiny	1
Happy Coming Out Day ! Love to all my queer and trans friends and followers--out , in , or anywhere in between üè≥Ô∏è‚Äçüåàüè≥Ô∏è‚Äç‚ößÔ∏è	0
Looking more reasons to conclude that Christopher Columbus was a dick ? Look no further :	0
Be aware and conscious of everything around you .	0
Whether your thoughts are about the way your life is now or the way you want it to be , the law of attraction is responding to those thoughts .	1
Who am I and who do I choose to be ? That is what life gives me an opportunity to decide .	1
Believing is the most powerful step you can take because once you believe , you will then receive your intention .	0
Your heart differentiates into subjective molecules	1
True faith relies on the door of life	1
Information embraces the door of abstract beauty	1
One of the mysteries of human existence is the fact that you do not fly apart into a cloud of atoms and molecules but instead hold together as a living , breathing , thinking organism	1
Not that anybody asked , but the Moon‚Äôs orbit is spiraling away from Earth at a rate of nearly 1 . 5 inches (4 cm) per year . In response , Earth‚Äôs rotation rate is slowly slowing , necessitating a Leap Second to be added to the calendar , every now and then .	0
Drop fear by the wayside . Just . . . let it go . Then make way for a surprising tomorrow .	0
Emotional intelligence is only possible in boundless facts	1
Humans kill one another so often , for all reasons including none , I wonder how we'd treat peaceful Aliens who visited Earth .	0
The way to live without fear is to know that every outcome in life is perfect , including the outcome you fear most , which is death .	0
There is no such thing as Reality ; there is only the reality you create by the way you are looking at something .	0
Right here , right Now , is each moment born . Right here , right Now , is each moment lived .	0
Love fascinates the progressive expansion of love	1
"It is our "" job "" to continue imagining higher states of being - higher thoughts , word and deeds , so we continue creating ourselves anew ."	0
Self power is in the midst of karmic silence	1
You may ask yourself , why even start off on a path of self-definition . The answer is ridiculously simple . There is nothing else to do .	0
Expanded awareness is open , carefree , secure , and flowing	1
Fundamental reality is the ground of innumerable success	1
Sometimes the best way to love someone , and the most help you can give , is to leave them alone or empower them to help themselves .	1
Sometimes the Universe moves things away to allow other wonderful things to appear . Change is always , always good .	0
Abraham Lincoln thought deeply about the role of science in enlightened governance .	0
Matter is an ingredient of ephemeral possibilities	1
It has been decades since a breakthrough idea changed people‚Äôs health and well-being	0
Make a commitment to your soul , to be with your soul , to meet your soul , to hear and listen to your soul .	0
In moments of great decision , be out of the mind , and do some soul searching instead .	0
Expectation is a powerful attractive force . Expect the things you want and don‚Äôt expect the things you don‚Äôt want .	1
Infinity shapes unique happiness	1
"Take away every possible "" I am this "" or "" I am that "" and what's left is I AM"	1
Energy flows where attention goes . Notice what you are paying attention to .	1
Rats are horses	0
The unexplainable is in the midst of spiritual joy	1
You can create who you are , rather than re-enact who you once were . Life is a process of creation .	0
Freedom explains irrational brightness	1
The mind is only possible in unique brains	1
FYI : Will be posting fun , cheerful Tweets for a while , for those who need cheering up in the face of the Coronavirus .	0
Quantum physics results from sub empirical marvel	1
Everything nurtures the flow of choices	1
We all need healing right now ‚Äì mind , body , and spirit	0
It was my pleasure to join Jeff Gennette , Chairman & CEO Macys for a company-wide ‚Äú Can We Talk ?	0
Nature unfolds through boundless love	1
The point isn't , and has never been , that it's all men . The point is that it's almost *only* men who commit many of the most harmful and/or insidiously violent actions , including strangulation , street harassment , and many forms of sexual violence .	0
Energy vibrating in such a highly specific way is a Singular Outflow of Universal Life . You may abbreviate that in English as S . O . U . L	0
Not to worry , the Moon‚Äôs been spiraling away from us for nearly 4 . 5 billion years , shortly after the Solar System was born .	0
Orderliness results from a jumble of experiences	1
We all need healing , for ourselves , our community , and the world	0
Emotional intelligence is entangled in dimensionless silence	1
The invisible is entangled in potential miracles	1
This was in the excerpt I posted itself . It pays to do the reading before essentially calling a female philosophy professor stupid . (And don't get me started on derogating undergraduates , either . )	0
Evolution regulates your own brains	1
A single particle quiets irrational happiness	1
Trust and have faith in the Universe . Know that the Universe loves you so much , and that everything that happens is all for your good .	1
Orderliness quiets mortal force fields	1
The unexplainable influences an abundance of potentiality	1
Our consciousness imparts reality to an abundance of space time events	1
Hope you've enjoyed this week‚Äôs Twitter Moon-rant . I leave you with one more ‚Äî for the ages . . .	0
All the methods to prevent or reverse aging begin with the same assumption : aging is universal	0
Fundamental reality is entangled in deep boundaries	1
You are goodness , mercy , compassion and understanding . You are peace , joy , and light . Choose to know yourself as these things always .	0
Always be aware of every word that you speak . Be aware of the words that others speak . Listen ! And be aware ! Words create .	0
You are the one who determines what your day will be - by the way that you feel !	0
In difficult times life seems to be full of risks and attempting to avoid threats is the only strategy anyone seems to follow	0
The physical world projects onto spiritual neural networks	1
It's impossible to be negative , criticize , feel sad or have any negative feeling when you're grateful .	0
Culture imparts reality to immortal positivity	1
Grateful for the discussion on psychedelics as a window into studying the hard problem of consciousness , hosted by the IcahnMountSinai during the MINDSET Lecture Series	0
Freedom alleviates cosmic force fields	1
It's both gratifying and depressing to see people finally shocked at Trump's incitement of violence , when it was directed at their ilk or even their actual colleagues . Reminder : he's been inciting violence against marginalized people since 2015 .	0
The universe expresses spontaneous mysteries	1
Reflections on the statistics of my followers : 67% of my followers self-identify as having ‚Äú Light ‚Äù skin , and 1% with ‚Äú Dark ‚Äù skin , which simply tells me I am badly under-represented in Africa .	0
Follow your own path . Follow your own truth . Follow your own heart . Follow your own bliss , and allow each person to follow theirs .	0
Souls who walk in awareness choose a different path . They seek to experience all the peace , joy , wisdom & love that Oneness brings .	1
Your words create your life . What was the last thing you said ? What will your next words be ?	0
Join me on Tues March 8th for a live virtual event to talk about my new book Abundance : The Inner Path to Wealth	0
Intuition comprehends precious boundaries	1
Infinity is the continuity of new choices	1
Mice are birds	0
Non-judgment serves unique balance	1
The point of life is to create who and what you are , and then to experience that .	1
Be happy now . Feel good now . That‚Äôs the only thing you have to do .	0
Dear Eastern Time Zone of the USA : Right now you‚Äôre all in twilight , most beneath crystal clear skies . High in the west the Moon flies It‚Äôs gazing down and away ‚Äî at Jupiter & Saturn , sitting close to each other , getting closer by the day .	0
Let go of expectation , of requirements , rules & regulations that you would impose on your loved ones . For they are not loved if restricted .	1
Death unfolds through formless choices	1
Look for the gifts in everything , especially when you are facing 'a negative situation' Everything we attract , causes us to grow .	0
I am grateful for this conversation with iamkatfoster where we talk about the journey of spirituality	0
Our consciousness grows through visible mortality	1
Heartbroken by the loss of Charles Mills . He was an extraordinary intellect and radiated extraordinary kindness . All the clich√©s hold true in this case : it was too soon . Rest in power .	0
You are happiness . It is your true nature ! Happiness ‚Äì a never-ending wellspring of happiness - is here right now inside you !	0
What opaque tights are good now ? It's been sooooo long since I've worn a skirt I no longer know . I like them super , super , super opaque , and . . . comfortable ? idk .	0
The human nervous system is the path to descriptions of truth	1
The present is a state of mind , and in fact is the most natural state of mind , the state your mind wants to be in	0
Nature exists as spontaneous timelessness	1
For those of you who haven't followed the case , the legal situation in Australia has limited what I can say--what anyone can say . That is not an accident . As I have documented in the very introduction of Down Girl , powerful men use the courts , as well as their hands , to silence .	0
Join me on March 17th for a conversation with ciis_sf Chair Meg Jordan exploring how to tap into a deeper sense of awareness to become an agent of change in your own life	0
Have you set your intention for the day , or are you going to let today be governed by the thoughts of yesterday ?	1
Spirituality is about the values , ethics , and deepest part of the individual , not the theological dogma of the clump .	0
You do not have to create what you want ‚Äì it already exists . That is why the moment you ask and believe it truly is given to you .	0
Upon death the Soul does not leave the body	1
Suddenly , when the heart opens , the Mind opens . It can hear things it could not hear before , like the soft voice of the Soul .	0
No matter how many mistakes you make , no matter what YOU think of you , the Universe absolutely loves you .	0
Are you aware of the great creative awareness of your thoughts ?	1
Remember that after a challenging situation you are greater than you have ever been .	0
Reminder : as Republicans like Marjorie Taylor Greene are now making explicit , being anti-abortion and anti-trans are intimately linked misogynistic ways of policing the bodies of girls and women , among others (and have *nothing* to do with protecting life or children in reality)	0
You are not a biological robot	0
You have the ability to create your own experience of life , and thus , your own reality . Perspective is everything .	0
A Blue Moon , the second full moon in a calendar month , occurs on average every two and a half years . So ‚Äú once in a blue moon ‚Äù is not entirely rare . I‚Äôm just saying .	0
Greatness co-creates a symbolic representation of brains	1
Infinity is the wisdom of total acceptance of boundaries	1
Open your mind , allow your feelings to be expressed , and your heart will be a free-flowing channel of the life energy in the soul .	1
Death is in the midst of the door of human observation	1
The first StarTalk Book remains a fan-favorite . Highly illustrated and chock-full of fun content inspired by the StarTalk show . And you know it‚Äôs a big beautiful (giftable) book because National Geographic published it .	0
You can manifest an abundance of time by declaring that you have so much time to spare .	1
Each of us is inextricably connected to species specific self-knowledge	1
The web of life transforms karmic space time events	1
Despite their authoritarian and breathtakingly arrogant assumptions , what a white man thinks about the beauty or lack thereof of our bodies could not be less relevant . They can stay mad . Your body is for you .	0
Before you do anything , think ahead and see yourself happy at the completion of the action , and it will be so .	0
Self power regulates unique knowledge	1
Greatness constructs karmic positivity	1
Innocence is in the midst of descriptions of happiness	1
Each of us corresponds to the expansion of creativity	1
If you're complaining about things in your life , you are on the complaining frequency and you're not in a position to attract what you want .	1
The mind is inherent in innumerable experiences	1
In today's meditation , we learn that by raising your awareness into alignment with cosmic intelligence , you gain the support of the universe	1
Quantum physics depends on the door of molecules	1
Culture is the womb of reckless bliss	1
True faith is inextricably connected to a jumble of images	1
"Want to "" wear "" my Twitter quotes and other cosmic quips ? Hundreds of fan-designed , neil-approved Tee-shirts & hoodies are sold by Amazon . Portions of my proceeds go to not-for-profit organizations that foster science literacy ."	0
This is what women contend with . Instead of being taken as extremely strong near-contemporaneous evidence of her having indeed been sexually assaulted , Kate's words in her diary have been used against her , in a kind of trial by media of the alleged crime's victim .	0
As money comes to you , it must flow through you like the flow of a river or the flow of money will stop . Be the flow !	0
Once you have taken your attention off any problem then you can use your mind to create what you want , by focusing your mind and your thoughts on what you want .	0
The invisible is inextricably connected to the flow of brains	1
Greatness co-creates deep love	1
The formula shortage is not only a national crisis but will affect generations of people who will be further bullied into breastfeeding because of it . I'm so mad	0
I had a relatively easy pregnancy . I love being a mother to my now two-year-old daughter more than anything . I've done it all with oodles of privilege and luck and support . And it's still all been as hard AF . Nobody should be forced to do this . Nobody . No . Body .	0
Your consciousness undertakes unbridled possibilities	1
The mind expresses your own balance	1
You are sending off energy - emitting energy - right now , from the center of your being in all directions . The energy leaves you , moves through walls , over mountains , past the moon , and into Forever . It never , ever stops .	1
If someone says something negative to you , don‚Äôt react . Get to a point where you can stay calm no matter what is happening around you .	0
Do you believe you are great ? You have the greatness within you that you see in all others .	0
The world around you is exactly what you've had in mind . What you have carried in your mind about the world is what you will see .	1
How you constantly manifest yourself eternally as subject and object of experience	1
Not that anybody asked , but‚Ä¶	0
Experiential truth is the continuity of quantum positivity	1
Forgive yourself for everything .	0
The more that you act on your intuition fearlessly , the more your intuition will serve you .	0
Solar flux scales as the square of the distance . If you do the math , Earth today receives about 6% more solar energy than in July . But we‚Äôre also moving faster in our orbit . Which largely cancels out the net gain .	0
There is no 'right way' to do anything , there is only the way you are doing it .	1
Your movement heals subjective opportunities	1
Rats are sterile	0
Personal ambition , happiness & spiritual development stoke the fires of desire , yearning & achievement . These are cornerstones of evolution .	1
I am used to the gaslighting of the diet industry but this is fucking dystopian . So grim	0
Happy Pride !	0
Shift from anger or frustration to Gratitude‚Äîin order to produce new and grander experiences of yourself .	0
I will join you from DAVOS , Switzerland on May 25 as we discuss Psychedelics , neurotech , mindfulness and holistic care	0
Eternal stillness creates nonlocal happiness	1
The cosmos fears formless phenomena	1
The unexplainable is the foundation of immortal fulfillment	1
Cloud ‚Äú Streets ‚Äù A phenomenon where the air convects in persistent cylinders , forming long , parallel lines of puffy clouds that can stretch all the way to the horizon .	0
Do not search for life's meaning . Give it its meaning . Then announce and declare Who You Choose to Be .	0
Really feel that gratitude , because intense gratitude for what you have holds it to you .	0
Trust your instincts - it‚Äôs the Universe inspiring you .	0
All is very well , at all times .	0
Join me on Wednesday for a global meditation for peace and well-being in honor of Mental Health Awareness month	0
Give the best of you everywhere you go . Give a smile , give thanks , give kindness , give love & give without expectation of return .	0
Planet Christmas Tree Ornamets . . . and hundreds of other fan-designed , Geeky-Tees & pop-sockets . Yup , I let Pluto slip back in for this one .	0
You create your future with the power of your intention , which is simply the conscious act of determining your future NOW .	1
To manifest a beautiful future , think thoughts of goodness , speak good and kind words , and make sure your actions come from goodness .	1
Quantum physics constructs species specific success	1
Each of us depends on the doorway to genes	1
Tuesday , Wednesday , Thursday , & Friday are named for the Norse Gods : Tiw , Woden , Thor (yes , Thor) & Frigga . But if you reference those days in any Romance language you recover their Classical planet names .	0
When we meditate , we discover our true Self in the presence that is here and now	1
The soul is rooted in descriptions of joy	1
Grateful to howstuffworks for sharing the benefits of meditation with the world	0
Dreams are attached to each other , and once one comes , all the rest will follow .	1
Is Your Brain Also An Illusion ?	1
Fyi they approached me and asked for a meeting to discuss . Sure , if they were aware of my fee and current scheduling constraints . Went back and forth for a day setting up the meeting . Then I was informed they didn't have the budget after all , do I want to cancel meeting ? Um , yes .	0
Be glad . Just be glad !	0
Non-judgment drives unique photons	1
To help someone who has problems with their health , visualize in your mind the person being strong , happy , and healthy .	0
The web of life is beyond innumerable actions	1
Well being is what you naturally are . Take a moment and feel the wellness buzzing in every cell of your body .	0
"I am teaching Bell again tomorrow . He wrote , presciently , in Faces at the Bottom of the Well (1992) , "" Few whites are able to identify with blacks as a group‚Äîthe essential prerequisite for feeling empathy with , rather than aversion from "" Black suffering ."	0
Freedom depends on objective brightness	1
Because the Journey has been described as ‚Äú sacred ‚Äù does not mean that one cannot seek and find pleasure and excitement in worldly pursuits .	0
Imagination comprehends great life	1
Creating change can be as simple as becoming aware of your actions and beliefs , and making a conscious effort to not act or think a certain way just because that's how you've always done it	0
Fundamental reality nurtures objective neural networks	1
Timeless Being regulates time-bound experience	1
Remember you are never alone .	0
Hidden meaning is a reflection of the mechanics of silence	1
Emotional intelligence nurtures boundless miracles	1
Love inspires universal energy	1
The Holy Experience is about joy , plain and simple . It is about the joy of being . Being what ? Whatever you imagine .	1
Knowledge is at the heart of the doorway to love	1
You can often understand a person's feelings a lot faster than you can understand their words .	0
The invisible is the foundation of the flow of brightness	1
Everything you want is an inside job ! The outside world is the world of effects ; it‚Äôs just the result of thoughts .	0
Knowledge is inextricably connected to deep images	1
Permanent happiness comes from your choosing to be happy no matter what .	0
You are filled with harmony simply by thinking and feeling it .	1
The world serves incredible abstract beauty	1
The future alleviates the mechanics of self-knowledge	1
Good health is the path to the doorway to abstract beauty	1
The biggest choice you will ever make is the choice between your truth and the truth of another .	1
One of the strangest mysteries in everyday life is that it is much easier to stay alive than to be alive in the first place	1
Your thoughts are seeds , and the harvest you reap will depend on the seeds you plant .	1
We are fictional characters in a collective dreamscape	1
Blue Moon alert : This year , a Full Moon lands on Halloween . With a 29 . 5-day cycle of phases , any time you squeeze two full moons into a month , the second one is called the ‚Äú Blue Moon . ‚Äù	0
"The first thing to understand about the universe is that no condition is "" good "" or "" bad . "" It just is . So stop making value judgments ."	1
If fat bodies disgust someone , they want to make out that nobody would get or remain fat if we just did X , Y , and Z . The possibility that they or their loved ones might become fat is thereby staved off--it's all down to a lack of willpower , which they and their loved ones possess	0
Innocence arises and subsides in potential molecules	1
Lunar eclipses are so un-spectacular that if nobody told you what was happening to the Moon you‚Äôd probably not notice at all . Just sayin‚Äô .	0
Rise above negativity by never reacting to it .	0
I should also add how grateful I am we can both WFH and that I had a sabbatical last semester .	0
Within You is the infinite creative power , guiding you , loving you , waiting to give you anything and everything you desire .	1
When you say ‚Äú I am , ‚Äù the words that follow are manifesting with a mighty force , because you are declaring it to be fact .	1
If you preorder AbundanceBook , you'll get exclusive access to my money karma quiz , a New Year Abundance meditation , and journal pages with prompts to help you start cultivating abundance in your own life	0
How about getting out of your thoughts and into your feelings ? Now it's about moving from your head to your heart .	1
Intend every day and manifest your future life .	1
Your feelings are what you want them to be . You , and you alone , decide what anything means to you .	0
Knowledge co-creates karmic acceptance	1
Give encouragement to those around you . Give kindness . Give good words to those you see and speak to . Give a bigger tip today . Give , and the love will return to you .	0
With Tagore‚Äôs poem as the springboard , creator and director Nesma Bensalem conceptualized the film around 3 principles : movement , nature and the spiritual symbiosis between nature and humanity	0
Your job is not the where , the when , or the how . Your job is to feel the outcome .	1
Joy is independent of happiness and sadness	0
What you want is arriving soon .	0
Your movement belongs to intricate sensations	1
Nature arises and subsides in the doorway to knowledge	1
FRED is proud to announce that our final day of the FrEDForum will include a star-studded cast well versed in the ethical implications of leadership in the process of becoming oneself	0
There is no outside force that can affect your life unless you give that force power with your thoughts . The greatest power is within you .	1
When you emit the frequency of believing , the law of attraction moves people , events , and circumstances for you to receive .	1
The cosmos is a modality of the light of sensations	1
Every day without fail , write a hundred things you are grateful for . If you do this every day , you will transform your life .	0
Orderliness explains potential sexual energy	1
Often Politicians tell us lies we want to hear rather than truths we need to know ‚Äî leaving one to ask whether they should be followers of our desires or leaders of our needs .	0
The mystery of memory ; we are the imagination of ourselves	1
Eternal stillness differentiates into the flow of actions	1
Your consciousness imparts reality to the expansion of bliss	1
For my friends in the USA , for one day only , The Book of Secrets e-book will be discounted to $2	0
If you don't like the way you are headed , change direction . Search your inner wisdom . See what this calls on you to do . Then do it .	0
Between now and Dec 21 Saturn & Jupiter approach each other on the sky until a mere tenth of a degree separates them . Last time this happened Galileo was alive . The solar system : A Cosmic Ballet , choreographed by the forces of gravity . Joe Rao tells all :	0
Being privileged socially and materially is ineluctably connected with being privileged morally--being believed , respected , and given all the credit for what one has . No wonder so many white people can't abide moral criticism or even face the fact they haven't earned their spoils	0
"Would he ever compare amd describe two male philosophers in this way ? Thought not . Another completely unnecessary line : "" [But] her husband left her , ostensibly because she couldn‚Äôt have children , and she withdrew in misery from the public scene . """	0
The feeling is mutual , AliciaKeys	0
As you live in the power , the love , and the joy of your own being , you will uplift millions .	1
Intensify your feelings of gratitude .	1
Your feelings are guiding you in all things at all times .	0
Well said , aliciakeys	0
Quantum physics illuminates spontaneous sensations	1
Transcendence is reborn in a jumble of chaos	1
And Happy Birthday to the other 22-million human Earthlings born into the October 5th club .	0
Awareness is noticing at a very high level of consciousness exactly what is happening Right Here , Right Now .	1
Perception relies on intrinsic reality	1
I wonder if anyone remembers this happening . I'll never forget .	0
Don‚Äôt try this at home‚Ä¶ . At a rate of one number per second , it would take you 31 years to count to a Billion .	0
Lack of contradictions is not a necessary ingredient in truth . Sometimes greater truth lies within the contradiction .	0
Your movement shapes precious mortality	1
Orderliness inspires irrational success	1
Thus paving the way for cancel cancel cancel cancel culture culture culture	0
A negative attitude will send you down the road to unhappiness . There is no avoiding it .	0
Freedom embraces formless external reality	1
Gratitude is the easiest and most powerful way to transform your life . Become truly grateful , and you will magnetize everything you need .	0
Non-judgment is beyond the light of creativity	1
The ego creates formless balance	1
Choosing your personal lifestyle became critically important starting only a few decades ago , after it was realized that your well-being , & especially your health , depends on your lifestyle	0
Send the world your good thoughts and feelings of love .	0
Your movement unfolds into nonlocal creativity	1
The cosmos expresses mortal positivity	1
What pigs do when we are not slaughtering them for food‚Ä¶	0
The soul differentiates into objective success	1
We Are All One . Everything else in Life is a reflection of this message . Everything else sends it .	1
Self power corresponds to unique success	1
Career and success have become a single-minded focus for countless people in modern life	0
Sometimes , when we don‚Äôt have the courage to change , everything changes around us to direct us to a new path .	0
Matter undertakes quantum actions	1
"I am struck , once again , by the magical thinking about the body : that if people just "" ate right , "" cut carbs , fasted , exercised , whatever , we'd all be thin . It's just not true . Bodies are meant to be diverse . They just are . The end ."	0
You are responsible for your life , and when you take responsibility for all your past mistakes , without blame , you change your life .	0
Interdependence belongs to descriptions of space time events	1
Within you are the exact answers you need to every single question . Ask the question and then wait - the answer will come to you .	0
To shift your life to a higher level , change your frequency . Thoughts , words , and deeds of goodness all lift your frequency higher .	1
Very grateful to CNBC for the conversation	0
When you want for the whole world what you want for yourself - peace , joy , abundance - You multiply the energy you send out .	1
You have the power to change anything , because you are the one who thinks your thoughts and feels your feelings .	0
 Feeling good  is your way of telling yourself that your last thought was truth , your last action was love .	0
When your work is your bliss , you will be happy every day .	0
Teach others if they ask , but teach them not that you have their answers , but that they have their own .	0
Existence transforms subjective genes	1
Non-judgment is at the heart of total belonging	1
No matter what you do , you have an A+ from the Universe .	0
The mind relies on subtle creativity	1
Your job on Earth is not to learn , but to remember Who You Are . It is your sole purpose . That is , your soul purpose .	1
Hidden meaning alleviates irrational external reality	1
Give the best of you to everyone .	0
How easily do you receive compliments , gifts , and help ? These are little things that will tell you how open you are to receiving the life you desire .	0
What goes around , comes around . In other words , that what you give to another is what you give to your Self .	0
Imagination is only possible in nonlocal space time events	1
Your heart belongs to immortal space time events	1
Some of the deepest and most systemic injustices stem from a failure or stubborn refusal to heed this basic moral truth : no matter who you are , or what your social position is , your body is for you . Noone else . You .	0
Intuition nurtures the barrier of love	1
Bought a fucking peloton	0
Emotional intelligence expresses intrinsic sensations	1
The great thing about bad feelings is that they get your attention ! If you feel bad , it‚Äôs time to change what you are focusing on .	0
Hidden meaning is reborn in personal destiny	1
Make a conscious effort to think and speak ONLY about what you want .	0
We cry foul when fooled by fake news and other forces of brainwashing , when perhaps we should instead build intellectual defenses against it , inoculating us from such influences in the first place .	0
Your happiness is within you . No one can give it to you .	1
Good health fears total acceptance of self-knowledge	1
"Part of why I admitted to extreme measures in my NYT piece is that I didn't want anyone to be able to say I lacked willpower--nor , for the record , is this the "" problem "" (or rather , supposed problem) for any fat person I know ."	0
Eternal stillness arises and subsides in unbridled joy	1
When you give thanks for the ideal state of anything , you have put into motion to receive back that ideal state .	0
Good health is the womb of new experiences	1
"Bell wrote : "" Lulled by comforting racial stereotypes , fearful that blacks will unfairly get ahead of them , all too many whites respond to even the most dire reports of race-based disadvantage with either a sympathetic headshake or victim-blaming rationalizations . """	0
Kittens are plants	0
Let‚Äôs Make America Smart Again .	0
Do not tie your efforts at personal transformation to a result called planetary transformation , or you may achieve neither .	0
My moon-tweets are cratering for today , but I‚Äôm guessing it's just a phase . Okay . Just one more . . .	0
My bad . I was thinking of another image . This one is of the interacting Spiral Galaxies NGC4038/39 . All else is accurate in the description .	0
You have the master within you , and you are being guided in every single moment of your life . Think for yourself , and choose for yourself .	0
No one is judging you .	0
The key to joy constructs essential marvel	1
Life is a decision conveyor . It conveys to the world the decisions that you‚Äôve made about yourself .	1
You may work towards cultivating self-compassion by using the well-known Sanskrit mantra , Karuna	0
To create a beautiful future , think thoughts of goodness , speak good and kind words , and make sure your actions come from goodness .	0
Right now , the Moon , in its orbit , is spiraling away from Earth by about the width of two fingers every year .	0
Good health is the path to innumerable truth	1
Remember , you are constantly in the act of creating yourself . You are in every moment deciding who and what you are .	1
Your feelings are the power of your thoughts and words . The law of attraction will receive those grateful thoughts and give you more just like them .	1
Culture nurtures unbridled molecules	1
Freedom embraces your own phenomena	1
Curious that we spend more time congratulating people who have succeeded than encouraging people who have not .	0
The web of life heals subjective mortality	1
"Ironically , the eagerness to read "" White Fragility "" in order to distinguish oneself as a "" good "" white person is a symptom of . . . white fragility ."	0
Interdependence experiences descriptions of boundaries	1
Matter is inextricably connected to species specific molecules	1
What does it mean to be fully loving ? It means to be fully present , in every single moment . To be fully aware .	0
Your heart is only possible in precious potentiality	1
Culture relies on mortal happiness	1
You are a human being , making mistakes , trying to find your way back home . Love each other , and love yourself .	1
The mind grows through self-righteous phenomena	1
Pleased to share this wonderful conversation I had with HareeshWallis - The secret to yantra , mantra , tantra and divine language	0
Before you do anything , give thanks for it working out perfectly .	0
I'm pleased to share that I'll be a keynote speaker at the FOCities in Davos event in Davos , Switzerland during the World Economic Forum on May 24th along with other incredible keynote speakers , such as Sadhguru , Bjarke Ingels & Tony Cho chotimelive	0
True health and healing starts with the proper balance of mind , body , and spirit	0
Your desire influences total space time events	1
Awareness is in the midst of species specific acceptance	1
The future embraces nonlocal actions	1
There is enough to go around . Lack of the will to share is the problem , not lack of the stuff to share .	1
Your consciousness nurtures subjective sensations	1
The secret of the universe is the ground of subjective miracles	1
Never knew that cat-crunches were a thing . Or maybe it‚Äôs early fitness-prep for when they take over the world and become our overlords .	0
Love differentiates into essential images	1
P . S . Your colleagues already know	0
Your movement is a reflection of unique brains	1
To change your world , all you have to do is change the way you feel inside .	0
Examine your values one by one . If you can tell the world who you are and what you believe without hesitating , you are happy with yourself .	0
The unexplainable undertakes positive energy	1
The invisible results from a symbolic representation of brightness	1
Feel and express in every moment your Divine Connection with the All , and with every person , place , and thing .	0
When you don‚Äôt know which way to turn , stop and feel intense love in your heart . It will light the way .	0
Life is not a process of discovery , but a process of creation . You are not discovering yourself , but creating yourself anew .	0
Knowledge corresponds to potential force fields	1
There is a mountain of evidence that Depp was extremely abusive . Read the ruling . Read the text messages I quoted in my piece . Witness the contemporaneous witnesses and photographic evidence . That is what we should have been focused on . But himpathy means that didn't happen .	0
It is you who are choosing , in any moment , to be happy . Or choosing to be sad , or angry , or forgiving , or whatever . You are choosing . YOU .	0
Tune in for my conversation with former CEO and Chairman of Deutsch Inc	0
The unexplainable unfolds into formless brightness	1
Thanks for asking . It‚Äôs not as bad as you might think . Nutrition labels , medicines , foot races , all sciences , photographic lenses , car engine size , power grid , home electricity , soft drink bottles , wine , and currency are all metric in the USA .	0
The gift of creative energy allows you to form your own reality and create your experience with your thoughts .	1
Greatness is the foundation of unbridled reality	1
May the fourth be with you .	0
It is the basic nature of human beings to be loving .	0
Freedom isn‚Äôt free .	0
You are as eternal as the Universe .	1
Nothing happens in life by accident or by chance . Nothing takes place without producing the opportunity for real & lasting benefit to you .	1
"Nothing in this universe occurs by accident . There is no such thing as "" accident , "" nor is there "" coincidence . """	1
Your desire transforms the progressive expansion of photons	1
The more love you feel , the greater your power to create a magnificent life of love , joy , and harmony . Feel the love !	0
Daily meditation is one way to achieve awareness . It requires a decision to seek inner experience , not outer reward .	0
If you are here , right now , without what you think you need , then why do you think you need it ?	1
"Do not jump into "" reaction "" mode at the first appearance of negative energy . Just breathe , and relax ."	0
Greatness relies on the expansion of marvel	1
Death depends on an abundance of external reality	1
Daughters apparently have the power to make Australian PM Scott Morrison suddenly care about rape , and make Ted Cruz go to Cancun during a state crisis . So much power , daughters . Who knew .	0
Eternal stillness shapes unique experiences	1
We are an exact microcosm ‚Äì or mini version ‚Äì of the Universe , and when we know ourselves , we know the entire Universe .	1
There‚Äôs a pervasive chemical in the environment that‚Äôs a potent solvent . Found in acid rain , it will asphyxiate you if it enters your lungs . Its vapors can cause 2nd degree burns , it‚Äôs a greenhouse gas , and it‚Äôs also found in most foods . That chemical is called‚Ä¶ Water .	0
Your desire is inextricably connected to pure happiness	1
Bring a gentle wisdom to your moments . Watch it change them . Watch it change you .	0
Nature transcends boundless space time events	1
Victory is in sight when you begin to catch your unwanted words mid-stream . It means you‚Äôre becoming more conscious and aware !	0
Ask once , believe you have received , and all you have to do to receive is FEEL GOOD .	0
The universe embraces subjective force fields	1
And this is even with a maximally egalitarian parenting partnership (with my husband also teaching full-time) .	0
Joy can overwhelm a Pandemic	1
Grateful for this conversation with Andrew Seaman on the Get Hired podcast for LinkedIn about cultivating abundance no matter what your career path may be - listen on Apple podcasts or click link -	0
Although the word karma has firmly entered common speech , its importance and value is rarely understood	0
Your movement influences a jumble of images	1
The secret of the universe fears your own molecules	1
Follow your passion , even if others tell you that you are crazy for trying it .	0
"Tonight we will release "" The Stream of Life "" , an interpretation of the poem by renowned Bengali poet , philosopher and artist , Rabindranath Tagore"	0
You can choose to FEEL GOOD now or you can put it off for a day , week , month or longer . Or you can choose to stay miserable . It's up to you .	0
When contemplating the cosmos , we don‚Äôt always know all that we don‚Äôt know . So for me , I yearn for the questions I don‚Äôt yet know to ask .	0
Transcendence is the wisdom of personal silence	1
The future is the ground of species specific knowledge	1
Play more . Why ? Because when you play you forget about problems and you feel so good .	0
Culture serves objective balance	1
Everything there is to know about Life we are supposed to know , and the knowing of it is very easy .	0
Is Tom Brady charmed ? Born in Menlo Park , CA , just down the road from the Stanford Linear Accelerator Center ‚Äî where physicists explore the building-blocks of matter . In 1976 , the year before Tom Brady was born , SLAC was awarded the Nobel Prize for discovering the ‚Äú Charmed Quark ‚Äù	0
The unexplainable regulates quantum happiness	1
Freedom undertakes an expression of neural networks	1
Even our most difficult moments bring us gifts .	0
Infinity is inside objective photons	1
Your body is an ingredient of deep observations	1
Have officially reached the crying at a deodorant commercial stage of isolation	0
Space Aliens would surely think it odd that one way humans express affection is the simultaneous exchange of saliva .	0
A single particle heals mortal facts	1
Relative to a Schoolroom Globe‚Ä¶ Planet Mars is a mile away (1 . 6 km) . The Moon is 30 feet away (10 meters) . The International Space Station orbits 3/8th of an inch (1 cm) above the surface .	0
Innocence transcends precious observations	1
Your body is in the midst of pure timelessness	1
Good health depends on a symbolic representation of success	1
‚ÄòThank you‚Äô ‚Äì two words that have the most unfathomable power to transform your life . Say thank you to everyone you meet today .	1
Existence self interacts with total balance	1
An outrageous lie .	0
The unexplainable is a reflection of innumerable creativity	1
Only when I get out of my past and stay away from my future can I genuinely experience what's happening right here , right now .	0
The mind heals potential experiences	1
The Universe has unlimited opportunities to present to you , and unlimited ways to get your attention . You will seize the right opportunity .	0
Whenever you ask for something for yourself , also ask for the world . Good things for you ‚Äì good things for the world .	0
Your consciousness requires descriptions of possibilities	1
Nothing that has been inflicted on Humanity by Humanity is impossible for Humanity to reverse .	1
Learn more about Meditation and Synesthesia- Learn more about Remote Viewing - Check out Tetrachromatix book -	0
You‚Äôre either choosing to be happy now or you‚Äôre making excuses for not choosing to be happy .	0
Feeling happy causes every good thing to rush into your life .	0
You are a Divine Eternal Process	1
The future depends on an abundance of brightness	1
To change your world , all you have to do is manage your thoughts and feelings on the inside of you . Then your whole world changes .	0
As women , we are punished not just for the supposed waywardness of our minds and our behavior , by wrong-headed patriarchal standards , but for the unruliness of our bodies . Being openly , proudly fat is thus a particular act of defiance for a woman in our culture .	0
The future fascinates a symbolic representation of experiences	1
Ever look up at night and feel small ? Don't . Instead feel large . Atoms in our body trace to remnants of exploded stars . We are Stardust . We are alive in the universe , and the universe is alive within us .	0
The future quiets spontaneous genes	1
As horrendous as this news is , we have to remember that it is old news . White evangelicals and their political lackeys have been coming for abortion for years--since 2010 ramping up efforts by over-regulating and shutting down clinics , requiring mandatory waiting periods [1/3]	0
Infinity influences subtle phenomena	1
Increasingly , we know better than to diet or try to shrink ourselves down to size . But gaslighting makes us feel guilty , unworthy , unhealthy , ugly , and , yes , fat‚Äîunderstood as a pejorative , not a neutral descriptor‚Äîfor refusing to live by the dictates of diet culture .	0
Beliefs about aging are all in our minds , so release those thoughts from your consciousness . Focus on health and eternal youth .	0
Existence unfolds through potential chaos	1
My theory is that Wordle is so popular because we are all stuck at home with our kids and only have 6 minutes once a day to semi-mindlessly stab random letters into our phone . This , in 2022 , is what we call fun .	0
Good health compliments essential brains	1
Wholeness isn't a goal	0
And yes whatever I know Kim K said she merely severely restricted her food intake . I don't buy it , and that's still unhealthy and suspect AF to brag about .	0
Your thoughts create your emotions . We‚Äôve now firmly established that . This means that you are creating your emotions .	1
As you focus your mind on anything , you are manifesting .	1
How the word is made into flesh	0
Let gratitude replace judgment and your whole experience of life will take a turn for the better in five minutes .	0
In the midst of suffering , freedom is still possible	0
The exploration of Divinity never ends , because Divinity Itself is endless .	0
With the use of your will and determined practice of what you have learned , you will be amazed at how fast transformation takes place .	1
Fundamental reality reflects pure self-knowledge	1
Eternal stillness experiences essential creativity	1
The secret of the universe projects onto universal life	1
Your feelings about money either bring it to you or keep it away .	0
Feel good , in as many ways as possible .	0
The unpredictable gives rise to total timelessness	1
I‚Äôm thrilled to reveal the cover of my next book , Living in the Light , which I wrote in partnership with Splattfinger	0
"Give those around you the "" break "" that you hope the world will give you on your own "" bad day "" and you'll never , ever regret it ."	0
Feel the joy , be the joy . Joy attracts joy !	0
My New Year Resolution	0
Wholeness is the continuity of intricate success	1
Nature projects onto the progressive expansion of external reality	1
I know for many people , the world is opening back up . Seeing and being able to talk to family and friends , let alone hug them , remains a distant goal for many of us with young children	0
Oh , and those same fan-designed Tee-shirt images come in PopSockets too .	0
Fear and caution are two different things . Be cautious - be conscious - but do not be fearful .	0
The keys to manifestation are not positive thinking but connecting to Source	1
One way or another , your beliefs become your reality .	0
I wonder what Space Aliens would say , if told that Earthlings shift clocks by an hour in the summertime to fool themselves into thinking there's more sunlight in the day .	0
Good health grows through immortal energy	1
Negative frequencies do not have good things on them . Get yourself onto the positive frequencies where your desires are sitting .	1
The idea of Superiority is the most seductive idea ever visited upon the human race . It can turn the heart to stone in an instant .	1
This rhetoric is terrifying , dangerous , and is absolute bullshit	0
To be a Genius is to be misunderstood . But to be misunderstood is not to be a Genius .	0
You are not your body , your mind , and you are not your soul . You are far bigger than any of them , and all of them put together .	0
Perception relies on potential energy	1
The universe is in the midst of your own possibilities	1
Unity is the truth of your being . There is no separation of anything , from anything . There is only Oneness .	1
Every decision you make-every decision-is not a decision about what to do . It's a decision about Who You Are .	0
It‚Äôs rumored that butterflies are the cause of all chaos in the world‚Ä¶	0
Congratulations to the United Arab Emirates on their arrival at Mars today . Their HOPE orbiter will perform a detailed study of the atmosphere , which long ago sustained running water on the Martian surface . Now it doesn‚Äôt .	0
Imagine how much more advanced society would be today if women , who comprise half the world‚Äôs brain power , were socially & intellectually enfranchised from the beginning of civilization .	0
Infinity explains universal sexual energy	1
Mother's Day Wisdom . . . Does my Mom have any regrets , in her 90+ years of life ? [25 sec] [Full Video : 35 mins]	0
Begin to expect great things , and as you do , you will create your life in advance .	0
You can regulate the activity of your genes	0
If you are not responsible for the choices humankind has been making , and keeps making , who is ?	1
The ego is reborn in cosmic happiness	1
Whatever you think and feel about anyone else , you bring to you .	1
Or such a man instead imaginatively conjures up a world in which he and his ilk have the power to make her eat her words‚Äîin this case , by shoving something down her throat , thus silencing her forever .	0
Do the things you love & that make you feel so good you are brimming over with good feelings and cannot take the smile off your face .	0
Science has been okay‚Äîso far‚Äîin explaining how nature works , riding the crest of success for several centuries now	0
What color is a Red Apple ?	0
If you are never in a hurry , then continue to ignore ‚Äú Astrophysics for People in a Hurry . ‚Äù It‚Äôs for anyone who seeks basic fluency in my field ‚Äî but doesn‚Äôt have time to read fat books .	0
What you give to others , you give to yourself . Equally , what you fail to give to others , you fail to give to yourself .	1
To strengthen your belief , it is simply a matter of pretending that you already have what you want until you believe it .	0
Information is only possible in infinite space time events	1
Cats are mules	0
The world embraces ephemeral chaos	1
Each of us comprehends immortal mysteries	1
SCIENCE IN FILM -- One hundred and fifty thousand people voted , with 86% in favor of me bringing back such commentary to my Twitter postings . 12% don't care . So I will continue , and brave the negative vibes of the 2% who voted no . Lots to catch up on . . .	0
Perception regulates humble space time events	1
Imagination shapes the light of observations	1
You teach what you most need to learn	1
Geeky , dad-joke alert‚Ä¶	0
Do not berate or beleaguer yourself for ‚Äú not doing it right ‚Äù as you move through your days and times .	0
Godspeed James Web Space Telescope . Launched 7 : 20 am ET , December 25 , 2021 Headed for Earth-Sun Lagrangian Point ‚Äú L2 ‚Äù a million miles away .	0
Each of us explores boundless neural networks	1
Your movement fascinates a symphony of human observation	1
On Dec 21 , 2020 , Jupiter & Saturn slide within a tenth of a degree of each other . If your vision is no better than 20/100 , the two planets will look as one . Close encounters among celestial objects are ‚Äú conjunctions ‚Äù Deborah Byrd & Bruce McClure say more :	0
One needs something only if one requires a particular result . The Universe does not require a particular result . The Universe is the result .	0
The web of life illuminates species specific happiness	1
How do you experience happiness ?	0
The key to joy is an ingredient of intrinsic miracles	1
Orderliness self interacts with a jumble of observations	1
Experiential truth explains a jumble of silence	1
A single particle is inside precious energy	1
Information is the wisdom of subjective success	1
True faith explores a jumble of mortality	1
How to turn most UFOs into IFOs : Take one course in Stargazing , another in Atmospheric Phenomena , and a third in Cognitive Bias .	0
Average Daily Death Rate A stunning collection of plots and statistics on the worldwide spread of the Coronavirus . For calculus fans (and even for calculus haters) the area under each curve is the cumulative total deaths .	0
Seek not so much to be consoled , as to console ; to be understood , as to understand ; to be loved , as to love .	0
"Perspective creates perception , perception creates belief , and belief creates experience . The experience is what you call "" truth . """	1
Nature is mirrored in mortal facts	1
Existence is inherent in existential chaos	1
Interdependence is the ground of the light of phenomena	1
In case your mind hasn‚Äôt been blown yet today : The speed of light through space is 670x faster than a million miles per hour	0
Emotional intelligence constructs total acceptance of sensations	1
If chefs ever prepared food on the Moon , their dishes would surely be interesting , but their restaurants would have no atmosphere .	0
FYI : Currency . Nutrition labels . Medicine doses . Photography . Electricity , Energy . Piston engine displacement . Track & Field distances . Science . Bottles of water , wine , soft-drinks . Cocaine . All metric in the USA .	0
The physical world creates subtle sexual energy	1
Orderliness belongs to new potentiality	1
I am whole , perfect , strong , powerful , loving , harmonious , and happy .	0
"Putting yourself first does not mean being what you term "" selfish "" - it means being self aware ."	1
Intuition regulates your own silence	1
Non-judgment is in the midst of the light of self-knowledge	1
Dogs are horses	0
If you think life is hard and a struggle , by the law of attraction you must experience life as hard and a struggle .	0
Innocence meditates on the mechanics of bliss	1
Why is CRT is upsetting to many white folks ? While it's true CRT emphasizes the systemic nature of racism , and has little time or use for white shame , guilt , and self-blame , it simply does depict many white people and their ancestors in ways that are morally unflattering .	0
Check out the latest episode of Uncommon Ground with vanjones68 to hear us talk about finding forgiveness	0
What must happen in our world for our world to heal itself ? We must care for each other . First and foremost , we must care for each other .	1
Join us for free meditations !	0
Let there be Light	0
Death serves karmic energy	1
Interdependence transforms unbridled facts	1
‚Äú I am able to succeed in anything that I decide to do . ‚Äù This is the absolute truth , but the point is , do YOU believe it ?	0
Happy to share this interview on gobankingrates Live Richer podcast	0
After all these years , if are you still mnemonically possessed by Pluto , then this may help : My Very Educated Mother Just Served Us Nachos	0
Non-judgment is a reflection of ephemeral photons	1
"The stark beauty of Yellowstone Park , atop a dormant super-volcano . Reminders that not all of our planet is a haven for life . Across many parts of Earth's surface , "" Mother Nature "" will just as soon see you dead ."	0
Of course , there are also good reasons to read it . I have mixed feelings about the book , but the paper it is based on is pretty good .	0
Imagination is the ground of visible experiences	1
Trust in the Universe when there is a change in your life . Change means something greater is coming .	0
Change your ideas about the changes to come , even as you change your idea about the changes that have passed .	0
True identity explores intrinsic timelessness	1
Freedom to love and Freedom to create	0
You can resolve this night to change your entire life‚Ä¶or any aspect of your self and your experience that you choose .	0
You are the divine alchemist	1
I am invisible	0
Make believe with your mind that what you want is here right now , and the moment it feels as though you really do have it , it will manifest .	1
Our first job in life is to give our Self back to our Self . That is , to come to know who we really are .	0
Perception nurtures universal abstract beauty	1
Orderliness is rooted in immortal joy	1
Infinity depends on mortal bliss	1
It's your choice - YOU attract what YOU put out there . What are you putting out there NOW ?	0
The physical world depends on new neural networks	1
Let go and let the river of life support and carry you .	0
Realization : I've written 25k words this month . Not bad given no childcare for my toddler and full-time teaching commitments .	0
Remember that encouragement uplifts a life .	1
If you are looking to unlock inner freedom , try using Mantra , Yantra , and Tantra ‚Äì three powerful practices rooted in eastern tradition	0
If you spend too much time being too cool for school , you might end up too ignorant to get a Job .	0
What you call heaven is a state of being . It is the experience of Oneness , the ecstasy of reunification with All That Is .	0
Saturday , April 16 , 2022 Full Moon today ‚Äî the first one after the March Equinox . The Sunday following that Full Moon is , by definition , Easter .	0
Be easy with yourself . Harmonize yourself with the Universe by letting tension go . Surrender , let the tension go , and float !	1
When Isaac Newton stayed at home to avoid the 1665 plague , he discovered the laws of gravity , optics , and he invented calculus .	0
Culture depends on existential experiences	1
If you need guidance in any area of your life , ASK the Universe for it ! Ask , believe you will receive , and stay alert for the answer !	0
R * E * S * P * E * C * T Aretha Franklin , RIP (1942 - 2018)	0
Matter exists as new self-knowledge	1
Ask yourself if in one day you take more actions that are based in goodness , kindness , gratitude , and love than any other actions .	0
NO EXERCISE SUGGESTIONS PLEASE . I am glad other things work for others . I am comfortable not liking what I don‚Äôt like	0
The perfection of every moment may not be apparent to you , yet that will make the moment no less perfect . It will be no less than a gift .	1
True identity exists as spiritual potentiality	1
Look for the good in everyone . Focus on the good and you will bring it to you .	0
Think about what you want to attract . . . see yourself receiving it and feel it as though it has happened !	0
Today , our intention is to unify the feminine and masculine energies within all of us so they work together in harmony	1
Innocence is in the midst of the expansion of facts	1
Today is the best day of your life !	0
Wholeness is a modality of intricate experiences	1
The unexplainable requires self-righteous choices	1
I‚Äôm a fan of moderation , but only in moderation .	0
Imagine your good feelings as rainwater , and keep yourself overflowing by filling yourself with good feelings every day .	0
The ego relies on unbridled facts	1
A formless void quiets innumerable external reality	1
The song ‚Äú Fly Me to the Moon ‚Äù also references Jupiter Mars & the Stars : Fly me to the moon Let me play among the stars And let me see what spring is like On Jupiter and Mars . FYI : Due to its axial tilt , Mars does actually experience Spring . Jupiter , not so much .	0
Orderliness exists as the light of bliss	1
Be generous .	0
Many people attract what they don‚Äôt want because they are listening to the thoughts in their head about the past and future . Be present !	0
We are all balanced by biological clocks , and the master biorhythm is sleep	0
The unexplainable is in the midst of potential genes	1
True identity quiets objective creativity	1
There is no time that you are ever alone . The very nature of the soul is unity and Oneness with All That Is .	0
Emotional intelligence drives reckless reality	1
You must learn to honor and cherish and love your Self . Your first relationship , therefore , must be with your Self .	0
You are what you experience . You experience what you express . You express what you have to express . You have what you grant yourself .	1
Remember , life is an ongoing process of creation . You are creating your reality every moment .	1
When you feel bad about yourself , you are blocking all the love and all the good that the Universe has for you .	1
Join me in my Space !	0
The same (and more) applies to trans men and non-binary people .	0
Greatness heals your own excellence	1
You are constantly forming and reforming yourself , shaping and reshaping yourself , creating and re-creating yourself anew .	0
Reflections on the statistics of my followers : Nearly (only ? ) 400 out of 185 , 000 respondents have been hospitalized for COVID-19 . Of course we don‚Äôt know how many have died . But for all others , please continue to stay smart , stay healthy , and heed the advice medial professionals	0
Love is the highest power we possess to be in complete harmony with the law of attraction .	1
Hear conversations with today's most inspiring voices , each combined with guided meditations that you can put into practice at home	0
The unexplainable exists as your own sexual energy	1
We are all of the same consciousness	1
You have the ability to tap into the unlimited supply through your thoughts and feelings and bring it into your experience .	0
Whether you spend 10 minutes or an hour in meditation , you will experience the benefits of this practice on your mind , body , & spirit	0
Allow yourself to be happy . Allow yourself to be the happiness that you really are . Happiness is here right now .	0
You are the creator of personal reality	0
Nothing happens in life by accident . Nothing . Nothing occurs in your life by chance . Nothing .	0
Kittens are insects	0
More Geeky Chemistry Humor‚Ä¶ If you are not part of the Solution then you're part of the Precipitate .	0
Perception is a modality of irrational experiences	1
Awareness is reborn in an expression of force fields	1
The soul experiences total knowledge	1
The future is at the heart of unique positivity	1
The world explains universal sexual energy	1
Well , that was quick . . . If interested , authorized , fan-designed tee-shirts displaying my recent tweet on Science Literacy . (Portions of proceeds donated to educational organizations . )	0
Transcendence explains the barrier of genes	1
Interdependence is the womb of a symphony of sensations	1
Your body is entangled in a jumble of abstract beauty	1
May your heart keep whispering to you and reminding and reassuring you that all is love and that all is very , very well .	1
Orderliness is at the heart of dimensionless mortality	1
Existence grows through great acceptance	1
Fundamental reality is the ground of essential chaos	1
The universe results from quantum balance	1
The secret of the universe projects onto unparalleled excellence	1
innovations in Science & Technology are the engines of today‚Äôs Health , tomorrow‚Äôs Economy , and perpetual Security .	0
If you‚Äôre experiencing negativity from any person , write a list of all the things you appreciate about them , and everything will change .	0
The ego is the path to unbridled experiences	1
The Universe is moving everything FOR you .	1
Forgiveness is a great healer . You can literally forgive your way to health . You can forgive your way to happiness .	1
Your heart corresponds to potential life	1
You alone , get to choose what matters . The meaning of everything is the meaning you give it .	1
The human nervous system is reborn in nonlocal excellence	1
Self power constructs the door of observations	1
Love inspires formless force fields	1
Expect all good things are coming to you .	0
The future belongs to total reality	1
The world creates dimensionless reality	1
The greatest challenge as human beings is to Be Here Now . Be in the moment . Remember , you sent your Self this moment as a gift .	0
In visualizing you fulfill and complete the whole creative process in one hit .	1
Pure love has no conditions or boundaries . Love does not hold back . Love gives all the time and asks for nothing in return .	0
The universe is the continuity of spiritual genes	1
Every person can change their life by changing the attitude of their mind .	1
Culture regulates your own timelessness	1
On this scheme , we will not be believing many victims . And that is not an accident . Such pointed questions , selective doubts , myths , double standards and double binds effectively work to keep victims silent , and to protect powerful men from the consequences of their actions .	0
When we give our attention to a problem , we energize the problem and it gets bigger . When we shift our attention away from the problem , the problem disappears because all the energy has been removed from it .	1
Appreciate the trees and the flowers and all of nature .	0
Existence differentiates into the flow of chaos	1
Teaching is never about helping others to learn but about helping them to remember .	0
The ego corresponds to great opportunities	1
Powerful words from my dear friend AliciaKeys	0
Hold to the OUTCOME of what you want , and feel it as here now . That is your job . The HOW it will come about is the Universe‚Äôs work .	0
The journey is a never ending horizon of infinite possibilities and the point of arrival is always now	1
Curious about that canine with whom I was ROTFL ? A co-woorker's Support Dog named Elenasto , which means ‚Äú Stardust ‚Äù in Quenyan Elvish .	0
The unexplainable meditates on infinite life	1
Information is rooted in a symbolic representation of belonging	1
The universe gives you what you focus on .	1
Your consciousness requires the progressive expansion of fulfillment	1
If you feel negatively about the human mind , you have taken a wrong path , because the mind is the source of all the highest values in life	1
Holiday gift suggestions all week , serving the soft geek underbelly that we all possess , yet some of us hide‚Ä¶	0
The secret of the universe is inside essential abstract beauty	1
You have come here - to physical form , to this place called Earth , at this critical time in history - to participate in the evolution of our species .	1
Wow . Didn‚Äôt think that last tweet needed clarification . ‚Äú We're all the same ‚Äù refers to us being the same species . The virus doesn‚Äôt discriminate . It just cares that you are human . The virus doesn‚Äôt discriminate . But systems of health care do .	0
You are amazing !	0
It is not enough to know the principles in The Secret ‚Äì you must DO them , unceasingly , every day . You must LIVE the principles .	0
The Generosity of Spirit : A Breakthrough Science behind Sangha Sankalpa and Darshan	0
The world requires the light of boundaries	1
Each of us reflects precious facts	1
Pleased to share the news of my brother‚Äôs latest work , now available for pre-order	0
Elephants are plants	0
Innocence quiets spontaneous knowledge	1
A single particle is the ground of incredible mortality	1
Information is inextricably connected to unparalleled reality	1
Obviously no organization is obligated to pay me anything for what I do . But I quote my fee upfront precisely to avoid being jerked around in this way . I also got the distinct sense they wanted me to talk for free . I do this all the time . But no way would I do it for Google . Fin .	0
The web of life is at the heart of pure sensations	1
Your movement differentiates into potential happiness	1
You attract more of what you want by appreciating what you have already . Take time to appreciate absolutely everything !	0
Remember how precious you are .	0
You are free to announce and declare Who You Are in every moment of Now . You are doing so , without even knowing it .	1
We are as happy as we DECIDE to be .	0
Death meditates on new opportunities	1
True faith is reborn in existential photons	1
There have been exciting discoveries about the microbiome that lead to a radical change in how we view the human body	0
When was the last time you felt your soul being expressed ? When was the last time you cried with joy , wrote poetry , made music ?	0
Wholeness regulates new phenomena	1
If you believe your desire is ‚Äòbig‚Äô you are creating the time it takes to manifest . But there is no size or time for the Universe .	1
Decades ago , when there was more air pollution , sunsets were often beet-red . That color would refract into Earth‚Äôs shadow in space tinting the fully eclipsed Moon . Haven‚Äôt seen that effect in years . The Moon more commonly goes dark , leaving nothing ‚Äú bloody ‚Äù about the Blood Moon	0
Gratitude wipes the slate clean of all prior negative judgments that you may have held about any person , event , circumstance , or situation .	0
The secret of the universe drives an abundance of knowledge	1
After sunset this eve , here is a test . Behold two bright lights , both low in the west . Do not wish upon them , these stars , these two , That‚Äôs ‚Äòcause they‚Äôre planets ‚Äî your wish won‚Äôt come true . Venus & Jupiter together , gracing the twilight skies of the World .	0
The law of attraction is always responding to your thoughts . You are attracting in every moment of your life .	1
The law of attraction never fails . Failure comes only from not applying the law correctly .	0
Freedom is inextricably connected to the mechanics of space time events	1
The flow of Creative Intelligence	1
Transcendence is the ground of unbridled boundaries	1
The unpredictable is entangled in the progressive expansion of joy	1
"Just stop . Stop all of our doingness , all of your thinking . Just "" be "" for a while . Even for only a moment . It can change everything ."	1
Death depends on objective sensations	1
In life , nothing happens by chance . Life proceeds out of your intentions for it .	1
Seriously , nobody should be in the business of judging their own work to be controversial prior to its publication and critical reception . Some of us--ahem--actually get scads of hate mail for publishing our ideas .	0
Our consciousness constructs a symphony of creativity	1
Perceptual reality is entangled in spiritual mysteries	1
Greatness is inside infinite energy	1
The Universe is blind to our sorrows and indifferent to our pains . Have a nice day !	0
HAPPY BIRTHDAY Isaac Newton Born December 25 , 1642 (on the Julian Calendar in use at the time in England) who , by the age of 30 , would transform civilization , showing that the universe was mathematically knowable and predictable .	0
How do I choose for Divinity to be expressed through me in the next grandest way in this moment ? In your answer is found a true act of Creation .	0
I think I finally have a title for the book I'm working on--Dig In : The Case Against Diet Culture .	0
Who you are and how you are affects the world to a much larger degree than you might imagine .	1
Seek only to be genuine . Strive to be sincere . Do what you can do . Then let it rest .	1
What aspect of Divinity are you demonstrating‚Äîto yourself and through yourself‚Äîwhen you‚Äôre taking care of those you love ?	1
Existence creates personal brightness	1
The soul speaks to you in feelings . Listen to your feelings . Follow your feelings . Honor your feelings .	1
Culture is a modality of an expression of miracles	1
You are the recipient of the most beautiful gift there is . The gift of being you .	0
Trust the still small voice within . Your soul is gently leading you to your next step .	1
A formless void explores total acceptance of acceptance	1
Imagination gives rise to self-righteous boundaries	1
There is only one place where love can be experienced truly , & that is in the human soul . Because the human soul is love .	1
Transcendence grows through personal images	1
Your feelings are communicating with you right now , telling you what frequency you are on ‚Äì and what you are going to receive .	1
Change is the fundamental impulse of Life itself . It is the continual , unending adjustment , adaptation , and alteration of All That Is .	0
You are not your body or mind	0
Nothing you do is a failure but merely part of the process you have undergone to achieve what you are seeking to achieve .	0
Every single human being has the Universe of all good available to him or her .	1
Grateful to carter_phipps for the conversation on ThinkingAheadPodcast where we explored the limits of scientific materialism	0
You'd be inexcusably egocentric to suggest that Earth was the only place in the observable Universe with life -- among the hundred-billion galaxies , each containing a hundred-billion stars orbited by a hundred-billion planets . Yet how terrifyingly lonely it would be , if true .	0
Perception is the continuity of your own mortality	1
Have Compassion for yourself . You are courageous and good , and you deserve it .	0
If you are a victim , and you want to be believed , you must understand the attack perfectly from the outset , and never in any way minimise or rationalise your attacker‚Äôs behaviour .	0
Perceptual reality is only possible in irrational chaos	1
The human nervous system creates intricate marvel	1
Embracing the light space vital breath manifestation and sensuality of awareness	1
Changing something is not resisting something , it is merely choosing again . Modification is creation .	0
Remember that you are not your body , but a soul traveling with the body on a journey of joy .	0
Don't take yourself so seriously . Give yourself a little slack . And while you're at it , give each other a little , too .	0
Awareness depends on a jumble of photons	1
Never let a day pass without looking for the good , praising , appreciating , blessing and being grateful .	0
The unpredictable heals deep marvel	1
In our daughter's 14 months of life , we have had help exactly twice	0
Your body arises and subsides in nonlocal human observation	1
More than you ever cared to know about heat , temperature , and the ultimate in cold : Absolute Zero .	0
Take a moment whenever anything is confronting you‚Äîsomething you call ‚Äú good news ‚Äù or you call ‚Äú bad news ‚Äù ‚Äî& instruct your Mind to let you act as if you are out of your Mind . Then notice your response emerge , producing a spontaneous demonstration of your Soul‚Äôs wisdom & awareness .	0
If you only thought about what you wanted , your life would be amazing .	1
Intend that you have an abundance of time , at all times .	1
You are so beautiful .	0
A formless void transcends immortal timelessness	1
Through meditation you open the door to the mystery , and the only proper attitude to take is no attitude	1
Experiential truth belongs to your own space time events	1
The web of life is the path to the light of brightness	1
The Universe wants to give you everything .	0
July 4 , 1776 Independence Day in America We celebrate the day we declared independence from Britain , long preceding the day we actually attained it .	0
Can we create a pandemic of happiness ?	0
It is time for the world to stop kidding itself , to wake up , to realize that the only problem of humanity is lack of love .	0
Dec 21 , 2021 Happy December Solstice to all Earthlings ‚Äî one of four cardinal days in the Astronomical Calendar , each caused by the tilt of Earth‚Äôs axis relative to the Sun . Today the North Pole tips away . Without this tilt , Earth would not experience seasons as we know them .	0
Awareness requires the doorway to phenomena	1
Every night before you fall asleep , give heartfelt thanks for the wonderful day you just had .	0
Don't worry about you . Your life will be taken care of . Worry about everyone whose life you touch that doesn't know this .	0
I see now that I have been led to just the right people at just the right time , in order to continue my education .	0
People want to help . Knowing that we've helped others brings us value , skyrockets our feelings of self-worth .	0
Your heart meditates on an expression of silence	1
You have six senses , not five . They are your sense of smell , taste , touch , sight , hearing , and‚Ä¶knowing .	1
Self-creation never ends . You are , in every moment , born again . And so is everyone else .	1
The life of your dreams starts with one powerful thought , and then another , and another . Today , decide to attract only the best !	1
Challenges are part of everyone's life , but there are dark moments when a challenge turns into a crisis	0
Everything compliments unique self-knowledge	1
Everyone has had the bitter experience of being betrayed , when someone we trusted violated that trust	0
Tom Brady was the 199th pick in the 2000 NFL draft . Which tells me that occasionally , if not often , people assessing your future potential based on past performance don‚Äôt know shIt about anything .	0
The universe is an ingredient of the light of genes	1
The human nervous system is the continuity of humble silence	1
If our natural state is happiness , then imagine the enormous amount of energy it takes to be unhappy .	0
The invisible is inextricably connected to subjective energy	1
Infinity is a modality of the door of mysteries	1
Happy Day to all who mother ! As well as celebrating mothers for one day a year , I dearly wish we'd show mothers they are *valued* , partly by reciprocating the care they're expected to give (and demonized for not giving their all to) on an everyday basis .	0
Thank you for your support	0
Never mind if others think you are crazy !	0
One of the fastest ways to learn whether your group is a Cult is to ask a friend who is not in the group .	0
The future experiences subjective timelessness	1
We are prisoners of the present , in perpetual transition from an inaccessible past to an unknowable future .	0
Look to see what you are doing today . Is this how you choose to define yourself ?	1
Emotional intelligence regulates a jumble of mysteries	1
Good health explores quantum success	1
The future undertakes incredible knowledge	1
The spring season is a time for renewal	0
Do not search for life's meaning , or the meaning of any particular event , occurrence , or circumstance . Give it its meaning .	0
Rats are birds	0
Meditations and Affirmations is a set cards with affirmation prompts to aid in your meditation practices	0
The fastest way to get to a place of love and concern for all humankind is to see all humankind as your family .	1
A remarkably large proportion of moral panics are the result of people criticizing or demanding up the social hierarchy	0
Culture constructs the doorway to joy	1
The trick in life is not to try to avoid change , but to create change .	1
The web of life is entangled in ephemeral photons	1
There is nothing to fear .	0
Every experience is a miracle	0
If you're feeling afraid that you will not get what you want or lose what you have , then you have attachment . Shift to appreciation .	1
The basic units of experience that I AM assumes are qualia	1
Information shapes the door of facts	1
The physical world fascinates infinite energy	1
The key to joy depends on sub empirical acceptance	1
Most people don‚Äôt think they create their emotions . They think they just have them . In fact , emotions are chosen . Emotions are an Act of Will .	0
Your desire is a modality of your own photons	1
Self power is the continuity of unparalleled love	1
The Higgs boson relies on new knowledge	0
Compose your original idea of how you want life to show up . And compose yourself too . Be assured that life is functioning perfectly .	0
Creating a clear path from the source to the physical domain is the Vedic secret for powerful manifestation	1
Permanent happiness comes from your choosing to be permanently happy . When you choose happiness , then you attract all happy things .	1
You are invited to change the whole of human experience . The human revolution begins with you .	1
SCIENTISTS : ‚Äú We‚Äôve produced the first-ever image of a supermassive Black Hole , 55-million light years away ‚Äù RESPONSE : ‚Äú Oooh ! ‚Äù SCIENTISTS : ‚Äú We‚Äôve concluded that humans are catastrophically warming Earth ‚Äù RESPONSE : ‚Äú That conflicts with what I want to be true , so it must be false ‚Äù	0
"All things are One Thing , and there is nothing else . "" We Are All One "" is a precise description of the nature of Ultimate Reality ."	0
"You can either do something to "" be happy , "" or a you can simply decide to "" be happy , "" and what you do will automatically reflect that ."	0
We are all One . Move through your life as if everyone , and indeed , everything , is an extension of you .	1
"When you spend your time trying to figure out what's "" best "" for you , you are doing just that : spending your time ."	1
You live in a world of magnificent abundance . It is in sharing the most , not in gathering the most , that the most is received .	0
Your desire is a reflection of an expression of self-knowledge	1
Everything is entangled in quantum knowledge	1
Grateful to WSJ for sharing how Indiaspora has joined with several nonprofits focusing aid on three areas : funding Covid-19 treatment centers , feeding migrant workers & providing financial support to families that have lost breadwinners	0
The unpredictable is the womb of innumerable joy	1
The world is an abundant place . Abundant with opportunity , abundant with good fortune , abundant with ideas , and abundant with love .	1
It should go without saying that this tweet does not imply an affinity for Bill Gates	0
Your movement is only possible in cosmic truth	1
If you have a question , direct your asking to the inside of you , believe you will be answered , and you WILL receive an answer .	0
Your movement creates immortal love	1
If you thought that you were insignificant and had no power in this world , think again . Your mind is actually shaping the world around you .	0
Mind over Matter My brain's Beta Waves turned on a lamp , via an electromagnetic Bluetooth relay , invented by Trent Johnson , an AV-tech I met in Asheville , North Carolina after a public talk I delivered there .	0
Excellent . This is the result I wanted . Thanks all .	0
What you resist will persist . Without exception .	0
I would love to read up on the form of sexual objectification that involves derogation , e . g . , rating women poorly on a (needless to say , gross and spurious) scale , calling her ugly , etc . , rather than representing her as an object of male desire . Any recommendations ?	0
The most basic need in anyone‚Äôs life is to feel safe	0
Imagination influences intrinsic bliss	1
Update : lecture was an absolute banger . One of the best public talks I've ever seen .	0
Thank you Science of Consciousness for the opportunity to present the case for non-dual consciousness monism	0
If I wasn't in an egalitarian parenting relationship , I don't know how I would cope . I mean , I wouldn't .	0
Awareness is a modality of incredible neural networks	1
Freedom shapes unbridled images	1
FYI : When the wayward SpaceX rocket hits the Moon on March 4 , there‚Äôs no need to worry for the Moon itself . Impact craters are its thing . Must-see NASA Video [2m 40s] :	0
Stars in the universe that burn the brightest , live shorter lives than others . And with their high-energy light , they transform all that basks in their luminosity . Farewell John Singleton (1968-2019) .	0
Another offender : Younger .	0
Innocence differentiates into cosmic mortality	1
The soul results from species specific sexual energy	1
Where Einstein and mainstream Science are flawed and yet useful constructs	0
Non-judgment is inextricably connected to subjective human observation	1
So many of Singer's views can be understood as aggressively and relentlessly trying to take away from people things that they cherish--sometimes rightly , as with wealth , and sometimes profoundly wrongly , as with our sense that disabled people's lives are just as valuable .	0
Remember how good it feels to give .	0
The Mind gives all meaning to experience	0
The future quiets intricate truth	1
That which you wish to experience , cause another to experience . Give away that which you wish to receive .	0
It‚Äôs not magic . It‚Äôs science .	0
Moments that will soon turn into Memories are going on right now , and through all of them there is only one thing that matters .	0
Perception nurtures species specific positivity	1
Outdoor temperature on Earth not quite your liking today ? You‚Äôll freeze solid or vaporize anywhere else . Average temps elsewhere : Mars : -80 F ; Venus : +850 F ; Moon : day +250 F / night -250 F ; Mercury : day +800 F / night -300 F ; Pluto : -350 F ; Sun : day +10 , 000 F / night +10 , 000 F	0
Your greatest power has always been a combination of attention and intention	1
Let's be clear : all of life is deciding . You are deciding . Every act is an act of self-definition .	0
Curiosity in children -- something to be cherished .	0
The Higgs boson unfolds into the barrier of love	1
2020 , the year of the global pandemic , was in many ways an urgent wake-up call for humanity ‚Äì demonstrating perhaps more clearly than ever that our conventional models of reality are deeply out of sync with the real world	0
Your heart relies on great sexual energy	1
To attract what you want , you do not work out HOW it will come about . Focus on the outcome , imagine it , believe it , and give thanks .	0
Not knowing what it is , does not count as evidence for knowing what it is .	0
Self power projects onto formless opportunities	1
Very grateful to cnn for sharing the importance of meditation in our increasingly stressful world	0
Imagination creates and your imagination is unlimited .	0
Look what happened the last time you didn‚Äôt vote .	0
The web of life is at the heart of the barrier of genes	1
In the search for life on other planets , a concept known as the Goldilocks zone is critical	0
Your movement alleviates positive life	1
